fname,verified_tags,toptag_eng_verified,4Q
01 - Game de check! Koutsuu Anzen (FM) - Instructions.mid,"cheerful, comic",cheerful,Q1
01 A Ball of Light.mid,"dreamy, bizarre",dreamy,Q4
01 Compile.mid,peaceful,peaceful,Q4
01 Hyper Defending Force (Title).mid,"tense, serious, fluttered, rhythmic",tense,Q2
01 Is it Domingo Today.mid,"cheerful, speedy, fluttered",cheerful,Q1
01 Last Attack.mid,"tense, serious",tense,Q2
01 Opening #1.mid,"creepy, bizarre, cold",creepy,Q2
01 Opening Theme 1.mid,"depressed, serious, boring, calm",depressed,Q3
01 Opening Theme.mid,"tense, serious",tense,Q2
01 Peddler.mid,"creepy, depressed, comic",creepy,Q2
01 Pikupiku Team.mid,"cheerful, tense, cute",cheerful,Q1
01 Prologue.mid,"tense, creepy, serious, dreamy, fluttered, calm",tense,Q2
01 Sample 1.mid,"tense, serious, speedy, rhythmic",rhythmic,Q1
01 Sophistication #1.mid,"dreamy, rhythmic",rhythmic,Q1
01 Title Screen.mid,"tense, depressed, serious, cold",tense,Q2
01 Title ~ Home Run.mid,"cheerful, comic",cheerful,Q1
01 Title.mid,"tense, dreamy, bizarre",bizarre,Q3
01_Title.mid,"cheerful, touching, fluttered, rhythmic",cheerful,Q1
"02 - Game de check! Koutsuu Anzen (FM) - Practice, Starting.mid","cheerful, peaceful",cheerful,Q1
02 Area-1 (Graveyard - The Deep Sea).mid,"tense, rhythmic",tense,Q2
02 Constructor.mid,"cheerful, speedy, rhythmic",rhythmic,Q1
02 Game Select.mid,"tense, serious",tense,Q2
02 Ice of Death.mid,"cheerful, tense",cheerful,Q1
02 Mode Select.mid,"cheerful, tense, rhythmic",tense,Q2
02 Moon Light Sonata.mid,"depressed, serious, bizarre, calm",depressed,Q3
02 Name Entry.mid,"cheerful, tense, fluttered",tense,Q2
02 Opening #2.mid,"tense, serious, grand",tense,Q2
02 Opening 1.mid,"peaceful, comic, speedy, cute",peaceful,Q4
02 Opening Theme 2.mid,"tense, depressed, serious, calm",tense,Q2
02 Play Ball.mid,"cheerful, rhythmic",cheerful,Q1
02 Prologue DIA51.mid,"tense, depressed, serious, grand",tense,Q2
02 Recon Story Demo.mid,"tense, creepy",tense,Q2
02 Sample 2.mid,"cheerful, tense, serious, rhythmic",cheerful,Q1
02 Select Weapon.mid,"cheerful, tense, rhythmic",tense,Q2
02 Start Demo.mid,"tense, grand",tense,Q2
02 Team Select.mid,"cheerful, rhythmic",cheerful,Q1
02 Technotris.mid,"tense, rhythmic",tense,Q2
02 Title.mid,"cheerful, rhythmic",cheerful,Q1
02 User Disk Creation.mid,"cheerful, peaceful",cheerful,Q1
02_Map.mid,"cheerful, speedy",cheerful,Q1
03 - Game de check! Koutsuu Anzen (FM) - Driving Eye.mid,cheerful,cheerful,Q1
03 Car Select.mid,"cheerful, speedy, fluttered",speedy,Q1
03 Cold Amoeba.mid,"tense, speedy",tense,Q2
03 Game Start.mid,cheerful,cheerful,Q1
03 Hyper Drive.mid,"tense, serious, speedy, rhythmic",tense,Q2
03 Life in Space.mid,"speedy, fluttered, rhythmic",fluttered,Q1
03 Main BGM.mid,"cheerful, comic, cute",cheerful,Q1
03 Opening 2.mid,"cheerful, peaceful, comic, cute",cheerful,Q1
03 Opening Theme.mid,"tense, serious, grand",tense,Q2
03 Pit Approach.mid,"cheerful, speedy, fluttered",fluttered,Q1
03 Practice Makes Perfect.mid,"tense, speedy, fluttered, rhythmic",speedy,Q1
03 Ready!.mid,grand,grand,Q1
03 Sample 3.mid,"creepy, calm",creepy,Q2
03 Stage 1.mid,"tense, speedy, fluttered",tense,Q2
03 Title Screen.mid,"cheerful, speedy, fluttered",cheerful,Q1
03 Traditional Bar.mid,"depressed, serious, calm",serious,Q3
03 Tuning Mode.mid,"cheerful, tense, serious",cheerful,Q1
03 Utility.mid,"cheerful, peaceful",peaceful,Q4
03_Palm.mid,"cheerful, serious, rhythmic",cheerful,Q1
04 - Game de check! Koutsuu Anzen (FM) - Speed Sense.mid,"cheerful, cute",cheerful,Q1
"04 Act 1, 6.mid","tense, speedy",tense,Q2
04 Chance BGM.mid,cheerful,cheerful,Q1
04 Course Overview.mid,"tense, speedy",tense,Q2
04 Driver Info.mid,"cheerful, touching, fluttered",touching,Q4
04 Interlude.mid,"cheerful, tense, speedy",cheerful,Q1
04 Level Clear.mid,cheerful,cheerful,Q1
04 Main BGM.mid,"cheerful, comic, cute",cheerful,Q1
04 Metal Creature A.mid,tense,tense,Q2
04 Metropolis (Area 1).mid,"tense, speedy, grand, rhythmic",rhythmic,Q1
"04 Player - Stage Select, Parameter Set.mid","cheerful, rhythmic",cheerful,Q1
04 Sample 4.mid,"cheerful, tense",tense,Q2
04 Stage 2.mid,"tense, creepy, bizarre, cold",bizarre,Q3
04 The March of Heroes.mid,"peaceful, grand",grand,Q1
04 Title-Ending.mid,"cheerful, touching, rhythmic",cheerful,Q1
04 Turn on The Run.mid,"cheerful, speedy, rhythmic",cheerful,Q1
04 Warp.mid,tense,tense,Q2
04_Battle.mid,"tense, speedy, rhythmic",tense,Q2
05 - Game de check! Koutsuu Anzen (FM) - Driving Technique.mid,"cheerful, cute",cheerful,Q1
05 Area Clear.mid,speedy,speedy,Q1
05 Colonel Claud (Miniboss).mid,"tense, creepy, speedy, grand, bizarre",tense,Q2
05 Demon War.mid,"tense, speedy, rhythmic",tense,Q2
05 Forest.mid,"cheerful, tense, speedy",tense,Q2
05 Game Set.mid,"comic, frustrating",frustrating,Q3
05 Mad Flame.mid,"tense, serious, speedy, fluttered",tense,Q2
05 Mission 1 - Practice.mid,"cheerful, tense, speedy, fluttered",cheerful,Q1
05 Old Master_s House.mid,"tense, comic, dreamy, bizarre",bizarre,Q3
05 Out of Rap.mid,"cheerful, fluttered, rhythmic",cheerful,Q1
05 Sample 5.mid,"tense, speedy, rhythmic",tense,Q2
05 Scramble Story Demo.mid,"tense, creepy, bizarre, cold",bizarre,Q3
05 Setting.mid,"cheerful, tense, serious, cold",cheerful,Q1
05 Stage 3.mid,"cheerful, speedy, fluttered",cheerful,Q1
05 Stage-1.mid,"tense, speedy, rhythmic",tense,Q2
05 Street Fighter (Sub Boss).mid,"tense, serious",tense,Q2
05 Time.mid,"cheerful, cute",cheerful,Q1
05 Town.mid,"cheerful, peaceful, calm",cheerful,Q1
05 Victory.mid,"cheerful, peaceful, speedy, fluttered",speedy,Q1
05_Death.mid,frustrating,frustrating,Q3
06 - Game de check! Koutsuu Anzen (FM) - Risk Control.mid,"cheerful, peaceful, calm",cheerful,Q1
06 Area-2 (Lost World - The Island).mid,"cheerful, tense, serious",tense,Q2
06 Beyond the Dimension.mid,"cheerful, speedy, fluttered",cheerful,Q1
06 Boss 1.mid,"tense, creepy, grand",tense,Q2
06 Boss.mid,"tense, speedy",tense,Q2
06 Celebration 2.mid,"cheerful, comic, speedy",cheerful,Q1
06 Cemetery.mid,"creepy, rhythmic",rhythmic,Q1
06 Chance BGM.mid,"cheerful, grand",cheerful,Q1
06 Crisis Area.mid,tense,tense,Q2
06 Dass XXX.mid,"serious, fluttered, rhythmic",fluttered,Q1
06 Fearless Church.mid,"depressed, serious, grand, calm",depressed,Q3
06 Field.mid,"cheerful, tense, fluttered, cold",cheerful,Q1
06 Hot Road.mid,"cheerful, rhythmic",cheerful,Q1
06 Rapid Turning (Area Boss).mid,"tense, speedy",tense,Q2
06 Select Your Tactics!.mid,"cheerful, tense, serious, speedy",cheerful,Q1
06 Staff Roll.mid,"peaceful, touching, calm",touching,Q4
06 Stage 4.mid,"tense, speedy, rhythmic",speedy,Q1
06 Unknown.mid,"cheerful, speedy",cheerful,Q1
06_Over.mid,"depressed, serious, calm",depressed,Q3
07 - Game de check! Koutsuu Anzen (FM) - You_re The Best Driver.mid,"cheerful, speedy, cute",cheerful,Q1
07 Change 1.mid,cheerful,cheerful,Q1
07 Clear #1.mid,"cheerful, grand",cheerful,Q1
07 Dungeon.mid,"tense, creepy, depressed, bizarre",tense,Q2
07 Get the Luck.mid,"tense, speedy",tense,Q2
07 Go Ahead (Area Clear).mid,cheerful,cheerful,Q1
07 Love in Space.mid,"cheerful, touching, fluttered",touching,Q4
07 Make What Haste You Can!.mid,"tense, speedy, rhythmic",tense,Q2
07 Metal Creature B.mid,"tense, speedy",tense,Q2
07 Mission 2.mid,"tense, serious, rhythmic",rhythmic,Q1
07 Ruins.mid,"tense, creepy, depressed, serious, speedy",tense,Q2
07 Solvalou.mid,"creepy, dreamy, cold",creepy,Q2
07 Stage 5.mid,"cheerful, tense",cheerful,Q1
07_Bonus.mid,"cheerful, speedy, dreamy, fluttered, cold",cheerful,Q1
08 - Game de check! Koutsuu Anzen (FM) - Game Over.mid,frustrating,frustrating,Q3
"08 Act 2, 7.mid","cheerful, tense, serious, speedy, rhythmic",tense,Q2
08 Battle.mid,"cheerful, tense, creepy, speedy, fluttered, rhythmic",cheerful,Q1
08 Big Don.mid,"cheerful, tense, speedy, fluttered",cheerful,Q1
08 Boss 1.mid,"tense, serious, speedy",tense,Q2
08 Boss 2.mid,"tense, grand",tense,Q2
08 Change 2.mid,cheerful,cheerful,Q1
08 Flying on a String.mid,"tense, serious",tense,Q2
08 Inorganic Beat.mid,"tense, serious, speedy, rhythmic",speedy,Q1
08 Rocks.mid,"cheerful, tense, serious, speedy, rhythmic",tense,Q2
08 Solgrado.mid,"creepy, bizarre",bizarre,Q3
08 Stage-2.mid,"tense, creepy, speedy, cold",tense,Q2
08 The Challenger (Area 2).mid,"tense, serious, speedy",tense,Q2
08 Travelers Inn (Disappearance of the King_s Scepter).mid,"depressed, serious, calm",depressed,Q3
08 Village-Town.mid,"cheerful, comic, rhythmic",cheerful,Q1
08 Visual Alien (Visual Scene 1).mid,"tense, serious, grand",grand,Q1
08_Ice.mid,"serious, grand",serious,Q3
09 - Game de check! Koutsuu Anzen (FM) - Pyonkichi_s Adventure.mid,"cheerful, peaceful, cute",cheerful,Q1
09 Act 3.mid,"tense, speedy, dreamy, cold",tense,Q2
09 Area-3 (Electric Woods - The Fortress City).mid,"depressed, serious",serious,Q3
09 Bio-Monster.mid,"tense, speedy",tense,Q2
09 Cavern.mid,"tense, serious, speedy",tense,Q2
09 Change 3.mid,peaceful,peaceful,Q4
09 Clear.mid,"cheerful, grand",cheerful,Q1
09 Glory.mid,"cheerful, speedy, rhythmic",cheerful,Q1
09 Level 5.mid,"tense, serious, fluttered",tense,Q2
09 Mission 3.mid,"cheerful, tense, serious, speedy, cold",cheerful,Q1
09 Neargead Castle.mid,"tense, creepy, depressed, serious, dreamy, bizarre",bizarre,Q3
09 Stage-3.mid,"tense, serious, speedy, fluttered",tense,Q2
09 Tension of Dark Side (Area 3).mid,"tense, speedy, fluttered",tense,Q2
09 Zeodalley.mid,"tense, dreamy, bizarre, cold",tense,Q2
09_Ruins.mid,"cheerful, serious, speedy, fluttered",cheerful,Q1
10 - Game de check! Koutsuu Anzen (FM) - Pyonko-Chan - Well Done.mid,cheerful,cheerful,Q1
10 Act 4.mid,"tense, creepy, serious, speedy, grand, fluttered",tense,Q2
10 Area-4 (Clouds - The Air Castle).mid,"cheerful, speedy, fluttered, rhythmic",cheerful,Q1
10 Boss 3.mid,"tense, serious, speedy, grand",tense,Q2
10 Castle.mid,"cheerful, peaceful, touching, grand, fluttered",cheerful,Q1
10 Demo 1.mid,"cheerful, tense, speedy, grand, fluttered, rhythmic",cheerful,Q1
10 Dungeon.mid,"cheerful, tense, serious, speedy",cheerful,Q1
10 Ending.mid,"peaceful, serious, touching, calm",touching,Q4
10 Game Set (Won).mid,"cheerful, peaceful",cheerful,Q1
10 GAMP Mission.mid,"tense, serious",tense,Q2
10 Light Step.mid,"cheerful, speedy, rhythmic",speedy,Q1
10 Return of Peace.mid,"cheerful, peaceful, serious, touching, speedy, grand, fluttered",cheerful,Q1
10 Stage-4.mid,"cheerful, tense, serious, speedy, rhythmic",tense,Q2
10 The Devastation (Area 4).mid,"tense, creepy, serious",serious,Q3
10 Underground Dungeon (The Lost Talisman).mid,"tense, serious",tense,Q2
10_Forest.mid,"cheerful, tense, serious, speedy, grand, fluttered, rhythmic",cheerful,Q1
11 - Game de check! Koutsuu Anzen (FM) - Pyonko-Chan - Try Harder Next Time.mid,cheerful,cheerful,Q1
"11 Act 5, 8.mid","tense, serious, speedy, rhythmic",tense,Q2
11 Boss.mid,"tense, serious, speedy",tense,Q2
11 Calm Feeling.mid,"peaceful, serious, touching, dreamy, calm",touching,Q4
11 Ending.mid,"tense, depressed, serious, speedy",tense,Q2
11 Game Set (Draw).mid,"cheerful, speedy, grand",cheerful,Q1
11 Milly_s Theme.mid,"cheerful, peaceful, comic, speedy, cute, rhythmic",cheerful,Q1
11 Mission 4.mid,"tense, serious, speedy, grand",tense,Q2
11 Sadness.mid,"creepy, depressed, serious, boring, cold, calm",depressed,Q3
11 Sophistication #3.mid,"cheerful, rhythmic",cheerful,Q1
11 Stage 6.mid,"tense, creepy, serious, speedy, cold",tense,Q2
11 Stage-5.mid,"tense, serious, speedy, grand",tense,Q2
11 The Solitude (Area 5).mid,"cheerful, serious, speedy, rhythmic",serious,Q3
11 Visual Theme of Stacy (Visual Scene 2).mid,"peaceful, serious, fluttered, calm",fluttered,Q1
11 Voice of God.mid,"dreamy, boring, cold, calm",dreamy,Q4
11 Your Rank.mid,"cheerful, touching, speedy, grand, fluttered",touching,Q4
11_Complete.mid,"tense, grand, fluttered",fluttered,Q1
12 - Game de check! Koutsuu Anzen (FM) - Alex Kidd Jingle (unused).mid,"cheerful, cute",cheerful,Q1
12 Aerial Castle Appearance.mid,"creepy, dreamy, boring, bizarre",bizarre,Q3
12 Area-5 (Van Allen - The Alien Attack).mid,"tense, speedy",tense,Q2
12 Boss 4.mid,"tense, creepy, speedy, rhythmic, cold",tense,Q2
12 Continue.mid,"tense, speedy, dreamy",tense,Q2
12 Event Clear.mid,"cheerful, touching, grand",touching,Q4
"12 Game Over (Namco Logo, The Tower of Druaga).mid","serious, cold",cold,Q3
12 Game Set (Lose).mid,"cheerful, peaceful, comic, cute",cheerful,Q1
12 Red Zone (Area 6).mid,"tense, creepy, depressed, serious",tense,Q2
12 Stage 7.mid,"tense, serious, speedy, rhythmic",tense,Q2
12 Stage Clear.mid,cheerful,cheerful,Q1
12 Stage-6.mid,"tense, serious, speedy, grand, fluttered, cold",tense,Q2
12 Ultimate Weapon (Last Boss).mid,"tense, creepy, depressed, bizarre, cold, calm",bizarre,Q3
12_Credits.mid,"serious, touching, speedy, calm",touching,Q4
13 Area-6 (What_s Goin_on in the Chase).mid,"cheerful, tense, speedy",cheerful,Q1
13 Demo.mid,"tense, depressed, frustrating, cold",tense,Q2
13 Don_t Cry Hi-Yah (Area 7).mid,"cheerful, tense, creepy, serious, speedy",tense,Q2
13 Drunkard.mid,"depressed, serious, boring",depressed,Q3
13 Ending #1.mid,"tense, serious, speedy, fluttered",tense,Q2
13 Game Over.mid,"cheerful, cute",cheerful,Q1
13 Mission 5.mid,"cheerful, tense, serious, speedy, fluttered",cheerful,Q1
13 Ship.mid,"touching, calm",touching,Q4
13 Shooting Scene.mid,"cheerful, tense, speedy",cheerful,Q1
13 Staff Roll.mid,"cheerful, speedy, fluttered, rhythmic",cheerful,Q1
13 Stage 8.mid,"tense, serious, speedy, fluttered",tense,Q2
13 The Final Curtain.mid,"tense, speedy, fluttered",tense,Q2
14 Aerial Castle Kwol.mid,"tense, depressed, grand",tense,Q2
14 Bloody Jewel (Area 8).mid,"cheerful, tense, dreamy",tense,Q2
14 Boss 2.mid,"tense, creepy, speedy, rhythmic, cold",tense,Q2
14 Boss 5.mid,"tense, serious, speedy, rhythmic",tense,Q2
14 Clear #2.mid,"cheerful, fluttered",cheerful,Q1
14 Conspirators.mid,"creepy, dreamy, bizarre",dreamy,Q4
14 Extend (Compile).mid,cheerful,cheerful,Q1
14 Fortress.mid,"tense, creepy, depressed, serious, cold, calm",tense,Q2
14 Pirate Island.mid,"cheerful, tense, speedy, fluttered, rhythmic",cheerful,Q1
14 Staff Roll (Short).mid,"cheerful, speedy, fluttered, rhythmic",cheerful,Q1
14 Visual Great Race (Visual Scene 3).mid,"tense, serious",tense,Q2
15 Dogodaga-Dogodege (Final Boss).mid,"tense, speedy",tense,Q2
15 Dragon.mid,"cheerful, touching, grand, fluttered",cheerful,Q1
15 Ending #2.mid,"cheerful, serious, grand",cheerful,Q1
15 Game Over.mid,"cold, calm",calm,Q4
15 Last Boss.mid,"tense, creepy, serious, bizarre",tense,Q2
15 Mission 6.mid,"tense, speedy, fluttered, rhythmic",tense,Q2
15 Name Entry.mid,"tense, serious, speedy, rhythmic",speedy,Q1
15 Spanish Communist Party.mid,"depressed, serious, boring, calm",depressed,Q3
15 Staff Roll (Ending Credits).mid,"depressed, serious, dreamy",dreamy,Q4
15 Unused 1.mid,"dreamy, bizarre, cold",cold,Q3
16 Again (Game Over).mid,"touching, dreamy, calm",touching,Q4
16 Agnesia.mid,"cheerful, tense, rhythmic",cheerful,Q1
16 Boss 6.mid,"tense, creepy, speedy, bizarre",bizarre,Q3
16 Demo 2.mid,"tense, creepy, depressed, dreamy, bizarre",bizarre,Q3
16 Ending 1.mid,"cheerful, peaceful, calm",cheerful,Q1
16 Game Over.mid,"dreamy, cold, calm",calm,Q4
16 Unused 2.mid,"tense, creepy, depressed, bizarre",bizarre,Q3
16 Visual Wedding (Hidden Ending).mid,"cheerful, peaceful, serious, touching, grand, cold, calm",touching,Q4
17 Boss 3.mid,"tense, speedy",tense,Q2
17 Ending 1.mid,"cheerful, serious, touching, fluttered",fluttered,Q1
17 Ending 2.mid,tense,tense,Q2
17 Game Over.mid,"depressed, frustrating, calm",depressed,Q3
17 Last Scene.mid,"tense, creepy, bizarre",tense,Q2
17 Mission 7.mid,"tense, speedy, dreamy, fluttered, rhythmic",tense,Q2
17 Triumph (Ending).mid,"cheerful, tense, serious",cheerful,Q1
18 Boss 7.mid,"cheerful, tense, speedy",cheerful,Q1
18 Darkmare.mid,"cheerful, tense, speedy, rhythmic",cheerful,Q1
18 Easy Going (Bonus Area).mid,"cheerful, fluttered",cheerful,Q1
18 Ending.mid,"cheerful, peaceful, touching",cheerful,Q1
18 Ending 2.mid,"cheerful, peaceful, speedy, fluttered",cheerful,Q1
18 Ending 3.mid,"peaceful, touching, calm",touching,Q4
19 Mission 8.mid,"cheerful, tense, serious",cheerful,Q1
19 Staff Roll.mid,"serious, dreamy, fluttered, cold",serious,Q3
19 Valua_s Feast.mid,"cheerful, comic, speedy, rhythmic",cheerful,Q1
20 Boss 8.mid,tense,tense,Q2
20 Epilogue.mid,"peaceful, touching, dreamy, cold, calm",touching,Q4
20 Game Over.mid,"depressed, frustrating, calm",frustrating,Q3
21 Mission 9.mid,"tense, speedy, grand, rhythmic",tense,Q2
21 Ranking Display.mid,"cheerful, tense, serious, speedy",tense,Q2
21 Rooftop (Thieves Tower).mid,"tense, creepy, bizarre",bizarre,Q3
22 Boss 9.mid,"cheerful, tense, serious, speedy, grand, rhythmic",cheerful,Q1
22 Ranking.mid,"cheerful, tense, serious, rhythmic",cheerful,Q1
22 Staff Roll.mid,"cheerful, comic, grand",cheerful,Q1
23 Event.mid,"cheerful, grand",cheerful,Q1
23 Giant Thexder.mid,"tense, creepy, serious, speedy, rhythmic",tense,Q2
23 In Captivity.mid,"tense, creepy, dreamy, bizarre",creepy,Q2
24 Ending.mid,"creepy, depressed, serious, calm",depressed,Q3
24 Go the Waterway.mid,"tense, creepy, dreamy, bizarre",bizarre,Q3
25 Save.mid,"peaceful, calm",calm,Q4
25 Water Pipe.mid,"tense, creepy, bizarre",tense,Q2
26 Cavern (Labyrinth).mid,"cheerful, tense, creepy, serious, rhythmic",tense,Q2
26 Shock.mid,tense,tense,Q2
28 Eye Catch.mid,"cheerful, peaceful",peaceful,Q4
42 GET_Item.mid,"cheerful, touching",cheerful,Q1
44 End Logo.mid,"dreamy, cold",dreamy,Q4
46 Shock.mid,tense,tense,Q2
54 The Cave of Life (The Fountain of Youth).mid,"tense, dreamy, grand",tense,Q2
60 Scenario Clear.mid,"dreamy, calm",dreamy,Q4
After Burner (FM) - 01 - Maximum Power.mid,"cheerful, tense, speedy",cheerful,Q1
After Burner (FM) - 02 - Final Take Off.mid,"cheerful, tense, serious, speedy, rhythmic",cheerful,Q1
After Burner (FM) - 03 - After Burner.mid,"cheerful, tense, speedy, fluttered, rhythmic",speedy,Q1
After Burner (FM) - 04 - Super Stripe.mid,"cheerful, tense, serious, speedy",cheerful,Q1
After Burner (FM) - 05 - Red Out.mid,"tense, serious",tense,Q2
After Burner (FM) - 06 - City 202.mid,"cheerful, fluttered, rhythmic",cheerful,Q1
Alex Kidd - The Lost Stars (FM) - 01 - Title Screen.mid,"cheerful, peaceful, cute",cheerful,Q1
Alex Kidd - The Lost Stars (FM) - 03 - Toy World _ Monster World.mid,"cheerful, peaceful, cute, fluttered, rhythmic",cheerful,Q1
Alex Kidd - The Lost Stars (FM) - 04 - Machine World _ Giant_s Body.mid,"cheerful, peaceful, cute, fluttered, rhythmic",cheerful,Q1
Alex Kidd - The Lost Stars (FM) - 05 - World of Make Believe _ The Shrine of Jiggarat.mid,"cheerful, peaceful, cute, rhythmic",cheerful,Q1
Alex Kidd - The Lost Stars (FM) - 06 - Water World.mid,"cheerful, peaceful, cute, rhythmic",cheerful,Q1
Alex Kidd - The Lost Stars (FM) - 08 - Ending.mid,"cheerful, speedy, fluttered",cheerful,Q1
Alex Kidd - The Lost Stars (FM) - 09 - Time Up _ The End.mid,"comic, cute",comic,Q1
Altered Beast (FM) - 01 - Werewolf _ Gold Werewolf.mid,"serious, speedy, fluttered",fluttered,Q1
Altered Beast (FM) - 02 - Transformed.mid,"tense, speedy, fluttered",tense,Q2
Altered Beast (FM) - 03 - Unused Story.mid,"creepy, bizarre",bizarre,Q3
Altered Beast (FM) - 04 - Weredragon _ Weretiger.mid,"tense, creepy, bizarre",bizarre,Q3
Altered Beast (FM) - 05 - Ending.mid,"cheerful, peaceful",cheerful,Q1
Altered Beast (FM) - 06 - Game Over.mid,"depressed, rhythmic, frustrating",rhythmic,Q1
BMX Trial - Alex Kidd - 01 - Blackwood Forest _ Cactus Desert.mid,"cheerful, peaceful, speedy, cute",cheerful,Q1
BMX Trial - Alex Kidd - 02 - South Seas _ Pyramid River.mid,"cheerful, peaceful, speedy, cute",cheerful,Q1
BMX Trial - Alex Kidd - 03 - Radaxian.mid,"cheerful, speedy, cute, grand",cheerful,Q1
BMX Trial - Alex Kidd - 04 - Course Clear.mid,cheerful,cheerful,Q1
BMX Trial - Alex Kidd - 05 - Ending.mid,"cheerful, peaceful, cute",cheerful,Q1
BMX Trial - Alex Kidd - 06 - Jetpack.mid,"cheerful, tense, speedy",cheerful,Q1
BMX Trial - Alex Kidd - 07 - Game Over.mid,"cheerful, speedy",cheerful,Q1
California Games (FM) - 01 - Louie Louie.mid,"cheerful, peaceful, cute, rhythmic",cheerful,Q1
California Games (FM) - 02 - Menu.mid,"tense, serious",tense,Q2
California Games (FM) - 03 - Event Intro.mid,dreamy,dreamy,Q4
California Games (FM) - 04 - Half Pipe.mid,"tense, creepy, speedy",tense,Q2
California Games (FM) - 05 - Foot Bag.mid,"tense, speedy, rhythmic",tense,Q2
California Games (FM) - 06 - Surfing.mid,"cheerful, tense, comic, rhythmic",cheerful,Q1
California Games (FM) - 07 - Skating.mid,"cheerful, tense, speedy, rhythmic",tense,Q2
California Games (FM) - 08 - BMX.mid,"tense, creepy, speedy",tense,Q2
California Games (FM) - 09 - Flying Disk.mid,"cheerful, peaceful, comic, cute",cheerful,Q1
California Games (FM) - 10 - Success.mid,cheerful,cheerful,Q1
California Games (FM) - 11 - Shark.mid,"tense, creepy",tense,Q2
Captain Silver (FM) - 01 - Title Screen.mid,"tense, grand",tense,Q2
Captain Silver (FM) - 02 - Scene Start.mid,"depressed, frustrating",frustrating,Q3
Captain Silver (FM) - 03 - Town of Barren _ Pirate Ship.mid,"tense, depressed, dreamy, rhythmic",tense,Q2
Captain Silver (FM) - 04 - Eerie Piper.mid,"tense, creepy, depressed",depressed,Q3
Captain Silver (FM) - 05 - Boss.mid,"tense, creepy, depressed, bizarre, cold, calm",bizarre,Q3
Captain Silver (FM) - 06 - Scene Complete.mid,"cheerful, cute",cheerful,Q1
Captain Silver (FM) - 07 - Boat _ Cave.mid,"tense, creepy, speedy",tense,Q2
Captain Silver (FM) - 08 - Captain Silver_s Treasure Island.mid,"tense, creepy, speedy, dreamy, bizarre",bizarre,Q3
Captain Silver (FM) - 10 - Ending.mid,"cheerful, peaceful",cheerful,Q1
Captain Silver (FM) - 11 - Game Over.mid,"depressed, frustrating",depressed,Q3
Captain Silver (FM) - 12 - Death.mid,"depressed, frustrating",frustrating,Q3
Columns (FM) - 01 - Filthy.mid,"cheerful, grand, fluttered",fluttered,Q1
Columns (FM) - 02 - Quagmire.mid,"cheerful, touching, grand",touching,Q4
Columns (FM) - 03 - Clotho.mid,"tense, creepy, dreamy, grand, bizarre",dreamy,Q4
Columns (FM) - 04 - Lathesis.mid,"serious, dreamy, calm",dreamy,Q4
Columns (FM) - 05 - Atropos.mid,"cheerful, peaceful, touching, dreamy, calm",dreamy,Q4
Columns (FM) - 06 - Boy Wonder.mid,"peaceful, touching, dreamy, cold, calm",touching,Q4
Columns (FM) - 07 - Concilation.mid,"depressed, touching, grand",touching,Q4
Cyborg Hunter (FM) - 01 - Title Screen.mid,"tense, creepy, bizarre",tense,Q2
Cyborg Hunter (FM) - 02 - Main hallway.mid,"tense, creepy, fluttered",tense,Q2
Cyborg Hunter (FM) - 03 - Level A _ D.mid,"tense, rhythmic, bizarre",bizarre,Q3
Cyborg Hunter (FM) - 04 - Level B _ E.mid,"tense, fluttered, rhythmic",tense,Q2
Cyborg Hunter (FM) - 05 - Level C _ F.mid,"tense, speedy, rhythmic",tense,Q2
Cyborg Hunter (FM) - 06 - Boss Room.mid,"tense, creepy, bizarre",bizarre,Q3
Cyborg Hunter (FM) - 07 - Ending _ Credits.mid,"cheerful, tense, serious, rhythmic",tense,Q2
Cyborg Hunter (FM) - 08 - Game Over.mid,grand,grand,Q1
Disc Station - 01 - Title Screen (FM).mid,"cheerful, peaceful, dreamy, cute, rhythmic",cheerful,Q1
Disc Station - 02 - Menu (FM).mid,"cheerful, peaceful",cheerful,Q1
Double Dragon (FM) - 01 - Title.mid,"cheerful, serious, grand, fluttered, rhythmic",cheerful,Q1
Double Dragon (FM) - 02 - Mission 1.mid,"cheerful, tense, serious, grand, fluttered",tense,Q2
Double Dragon (FM) - 03 - Mission 2.mid,"cheerful, tense, serious, fluttered, rhythmic",cheerful,Q1
Double Dragon (FM) - 04 - Mission 3.mid,"cheerful, tense, grand, fluttered, rhythmic",cheerful,Q1
Double Dragon (FM) - 05 - Mission 4.mid,"cheerful, tense, creepy, serious, grand, fluttered, rhythmic",cheerful,Q1
Double Dragon (FM) - 06 - Boss.mid,"tense, creepy, bizarre",bizarre,Q3
Double Dragon (FM) - 07 - Last Boss.mid,"cheerful, tense, speedy, grand, fluttered",tense,Q2
Double Dragon (FM) - 08 - Mission Complete.mid,"cheerful, peaceful",cheerful,Q1
Double Dragon (FM) - 09 - Ending.mid,"depressed, touching, dreamy, boring, calm",touching,Q4
Dynamite Dux (FM) - 01 - Downtown Achacha City.mid,"cheerful, comic, rhythmic",cheerful,Q1
Dynamite Dux (FM) - 02 - Boss.mid,"tense, speedy, rhythmic",tense,Q2
Dynamite Dux (FM) - 03 - Pseudo Japan.mid,"cheerful, peaceful, speedy, rhythmic",rhythmic,Q1
Dynamite Dux (FM) - 04 - Almost Chicago.mid,"depressed, serious, fluttered, rhythmic",rhythmic,Q1
Dynamite Dux (FM) - 05 - Little Texas.mid,"cheerful, tense, speedy, fluttered, rhythmic",tense,Q2
Dynamite Dux (FM) - 06 - The Achacha Palace.mid,"tense, creepy, speedy",tense,Q2
Dynamite Dux (FM) - 07 - Achacha the Great.mid,"tense, speedy",tense,Q2
Dynamite Dux (FM) - 08 - Ending.mid,cheerful,cheerful,Q1
Fantasy Zone II (FM) - 01 - Title Screen.mid,"cheerful, tense, speedy, cute, rhythmic",cheerful,Q1
Fantasy Zone II (FM) - 02 - Pastaria.mid,"cheerful, peaceful, cute, rhythmic",cheerful,Q1
Fantasy Zone II (FM) - 03 - Sarcand.mid,"cheerful, speedy, fluttered, rhythmic",cheerful,Q1
Fantasy Zone II (FM) - 04 - Hiyarika.mid,"cheerful, peaceful, speedy, cute, fluttered",cheerful,Q1
Fantasy Zone II (FM) - 05 - Bow Bow.mid,"cheerful, tense, speedy, fluttered, cold",cheerful,Q1
Fantasy Zone II (FM) - 06 - Chaprun.mid,"cheerful, peaceful, cute",cheerful,Q1
Fantasy Zone II (FM) - 07 - Fuwareak.mid,"cheerful, speedy, fluttered, rhythmic",cheerful,Q1
Fantasy Zone II (FM) - 08 - Spardian.mid,"cheerful, speedy, cute, cold",cheerful,Q1
Fantasy Zone II (FM) - 09 - Boss Theme.mid,"cheerful, tense, speedy, rhythmic, bizarre",bizarre,Q3
Fantasy Zone II (FM) - 10 - Boss Defeated.mid,frustrating,frustrating,Q3
Fantasy Zone II (FM) - 11 - Shop.mid,"cheerful, rhythmic",cheerful,Q1
Fantasy Zone II (FM) - 12 - Last Boss.mid,"tense, speedy",tense,Q2
Fantasy Zone II (FM) - 13 - Ending Theme.mid,"depressed, touching, calm",depressed,Q3
Fantasy Zone II (FM) - 14 - Game Over.mid,depressed,depressed,Q3
Galactic Protector (FM) - 01 - Title Screen.mid,"cheerful, grand",cheerful,Q1
Galactic Protector (FM) - 02 - Earth Round.mid,"cheerful, speedy, fluttered, rhythmic",cheerful,Q1
Galactic Protector (FM) - 03 - Round Clear.mid,"cheerful, peaceful",cheerful,Q1
Galactic Protector (FM) - 04 - Saturn Round.mid,"cheerful, speedy, cute, fluttered, rhythmic",cheerful,Q1
Galactic Protector (FM) - 05 - Mars Round.mid,"cheerful, tense, speedy, cute, fluttered",cheerful,Q1
Galactic Protector (FM) - 06 - Perfect!.mid,cheerful,cheerful,Q1
Galactic Protector (FM) - 07 - Ending.mid,"serious, touching, dreamy, boring, calm",calm,Q4
Galactic Protector (FM) - 08 - Game Over.mid,"fluttered, calm",fluttered,Q1
Galaxy Force (FM) - 01 - Scene Select.mid,"tense, serious, speedy, rhythmic",tense,Q2
Galaxy Force (FM) - 02 - Beyond the Galaxy.mid,"cheerful, tense, serious, dreamy, bizarre, cold",tense,Q2
Galaxy Force (FM) - 03 - Try Z.mid,"tense, creepy, serious",serious,Q3
Galaxy Force (FM) - 04 - Defeat.mid,"tense, serious, cold, calm",tense,Q2
Galaxy Force (FM) - 05 - Take Back.mid,"cheerful, tense, fluttered, rhythmic",tense,Q2
Galaxy Force (FM) - 06 - Alone Fighter.mid,"cheerful, tense, fluttered, rhythmic",cheerful,Q1
Galaxy Force (FM) - 07 - Name Entry.mid,"cheerful, peaceful, serious, rhythmic, calm",cheerful,Q1
Global Defense (FM) - 01 - Demo.mid,"depressed, serious",depressed,Q3
Global Defense (FM) - 02 - Start.mid,dreamy,dreamy,Q4
Global Defense (FM) - 03 - System Down (In-Game).mid,"cheerful, tense, serious, rhythmic, bizarre",cheerful,Q1
Global Defense (FM) - 04 - Perfect.mid,"cheerful, cute",cheerful,Q1
Global Defense (FM) - 05 - We are Desirous of Peace (Ending).mid,"touching, dreamy, fluttered, calm",fluttered,Q1
Global Defense (FM) - 06 - SDI Blue Moon (Game Over).mid,"depressed, serious, touching, calm",touching,Q4
Golvellius - Valley of Doom (FM) - 01 - Title.mid,"tense, speedy, rhythmic",tense,Q2
Golvellius - Valley of Doom (FM) - 02 - Intro.mid,"peaceful, depressed, dreamy, calm",dreamy,Q4
Golvellius - Valley of Doom (FM) - 03 - Overworld 1.mid,"cheerful, speedy, rhythmic",cheerful,Q1
Golvellius - Valley of Doom (FM) - 04 - First Cave.mid,"tense, serious",tense,Q2
Golvellius - Valley of Doom (FM) - 05 - Old Woman.mid,"peaceful, dreamy, boring, calm",boring,Q3
Golvellius - Valley of Doom (FM) - 06 - Fairy.mid,"peaceful, dreamy, calm",dreamy,Q4
Golvellius - Valley of Doom (FM) - 07 - Randar.mid,"cheerful, peaceful, fluttered",cheerful,Q1
Golvellius - Valley of Doom (FM) - 08 - Vertical Scrolling Cave.mid,"cheerful, tense, depressed",tense,Q2
Golvellius - Valley of Doom (FM) - 09 - First Boss - Despa.mid,"tense, speedy",tense,Q2
Golvellius - Valley of Doom (FM) - 10 - Victory.mid,"cheerful, fluttered",cheerful,Q1
Golvellius - Valley of Doom (FM) - 11 - Enny.mid,"cheerful, rhythmic",cheerful,Q1
Golvellius - Valley of Doom (FM) - 12 - Winkle.mid,"dreamy, cold",dreamy,Q4
Golvellius - Valley of Doom (FM) - 13 - Horizontal Scrolling Cave.mid,"cheerful, speedy, fluttered, rhythmic",cheerful,Q1
Golvellius - Valley of Doom (FM) - 14 - Second Boss - Rolick.mid,"tense, serious, speedy, grand, rhythmic",tense,Q2
Golvellius - Valley of Doom (FM) - 15 - Overworld 2.mid,"cheerful, tense, serious, fluttered",cheerful,Q1
Golvellius - Valley of Doom (FM) - 16 - Overworld 3.mid,"cheerful, peaceful, serious, grand, fluttered",cheerful,Q1
Golvellius - Valley of Doom (FM) - 17 - Third Boss - Bachular.mid,"tense, creepy, depressed, cold",tense,Q2
Golvellius - Valley of Doom (FM) - 18 - Dina.mid,"cheerful, tense, dreamy, rhythmic, bizarre",tense,Q2
Golvellius - Valley of Doom (FM) - 19 - Fourth Boss - Fosbus.mid,"tense, serious",tense,Q2
Golvellius - Valley of Doom (FM) - 20 - Fifth Boss - Warlic.mid,"cheerful, serious, fluttered",cheerful,Q1
Golvellius - Valley of Doom (FM) - 21 - Overworld 4.mid,"cheerful, peaceful, touching, speedy, fluttered",touching,Q4
Golvellius - Valley of Doom (FM) - 22 - Overworld 5.mid,"tense, grand, fluttered",tense,Q2
Golvellius - Valley of Doom (FM) - 23 - Sixth Boss - Crawky.mid,"tense, serious, speedy",speedy,Q1
Golvellius - Valley of Doom (FM) - 24 - Seventh Boss - Haidee.mid,"tense, creepy, depressed, serious, speedy",tense,Q2
Golvellius - Valley of Doom (FM) - 25 - Final Cave.mid,"tense, creepy, serious, speedy, bizarre",bizarre,Q3
Golvellius - Valley of Doom (FM) - 26 - Final Boss - Golvellius.mid,"tense, speedy, bizarre",tense,Q2
Golvellius - Valley of Doom (FM) - 27 - Ending.mid,"cheerful, peaceful, depressed, serious, touching, grand",touching,Q4
Golvellius - Valley of Doom (FM) - 28 - Input Password.mid,"peaceful, serious, dreamy, calm",dreamy,Q4
Golvellius - Valley of Doom (FM) - 29 - Game Over.mid,"depressed, cold, calm",depressed,Q3
Golvellius - Valley of Doom (FM) - 30 - Unknown.mid,"tense, creepy, speedy",tense,Q2
Kenseiden (FM) - 01 - Title Screen.mid,"tense, speedy",tense,Q2
"Kenseiden (FM) - 02 - Higo, Nagato, Settsu, Owari and Echyu.mid","tense, creepy, speedy",tense,Q2
Kenseiden (FM) - 03 - Map.mid,"creepy, serious, dreamy, bizarre, cold",bizarre,Q3
Kenseiden (FM) - 04 - Chizuken and Kaga.mid,"cheerful, tense, creepy, speedy, rhythmic",tense,Q2
Kenseiden (FM) - 05 - Iyo and Suraga.mid,"tense, depressed, serious, speedy, fluttered, rhythmic",tense,Q2
Kenseiden (FM) - 06 - Yamato and Mito.mid,"cheerful, tense, rhythmic",cheerful,Q1
Kenseiden (FM) - 07 - Training Entrance.mid,"creepy, depressed, serious, cold, calm",serious,Q3
Kenseiden (FM) - 08 - Training Round.mid,"tense, creepy, speedy, cold",tense,Q2
Kenseiden (FM) - 09 - Victory.mid,cheerful,cheerful,Q1
Kenseiden (FM) - 10 - Fail in Training.mid,"peaceful, cold",peaceful,Q4
Kenseiden (FM) - 11 - Black Magic Castle.mid,"tense, creepy, depressed, serious, cold, calm",tense,Q2
Kenseiden (FM) - 12 - Warlock Battle.mid,"tense, serious, speedy, rhythmic, cold",tense,Q2
"Kenseiden (FM) - 13 - Yonensai, The Master.mid","tense, speedy, rhythmic",tense,Q2
Kenseiden (FM) - 14 - Ending.mid,"peaceful, boring, calm",boring,Q3
Kenseiden (FM) - 15 - Game Over.mid,"depressed, calm",depressed,Q3
Maze Hunter 3-D (FM) - 01 - Title Screen.mid,"tense, depressed, speedy, rhythmic",speedy,Q1
Maze Hunter 3-D (FM) - 02 - Metal Area.mid,"depressed, serious, fluttered, cold",fluttered,Q1
Maze Hunter 3-D (FM) - 03 - Rugged Area.mid,"tense, creepy, speedy, rhythmic",tense,Q2
Maze Hunter 3-D (FM) - 04 - Jungle Area.mid,"tense, serious, speedy, fluttered",tense,Q2
Maze Hunter 3-D (FM) - 05 - Ice Area.mid,"cheerful, speedy, fluttered, cold",cheerful,Q1
Maze Hunter 3-D (FM) - 06 - Blaze Area.mid,"cheerful, tense, speedy, rhythmic, bizarre",cheerful,Q1
Maze Hunter 3-D (FM) - 07 - Ending.mid,"depressed, touching, cold, calm",touching,Q4
Maze Hunter 3-D (FM) - 08 - Game Over.mid,"cheerful, frustrating, cold",cheerful,Q1
Megumi Rescue (FM) - 01 - Title Screen.mid,"cheerful, peaceful, comic, cute, rhythmic",cheerful,Q1
Megumi Rescue (FM) - 02 - Rounds 1-10.mid,"cheerful, peaceful, comic, cute, rhythmic",cheerful,Q1
Megumi Rescue (FM) - 03 - Round Clear.mid,cheerful,cheerful,Q1
Megumi Rescue (FM) - 04 - Perfect.mid,cheerful,cheerful,Q1
Megumi Rescue (FM) - 05 - Bonus Start.mid,"cheerful, peaceful",cheerful,Q1
Megumi Rescue (FM) - 06 - Bonus Stage.mid,"peaceful, comic, cute, rhythmic",cute,Q1
Megumi Rescue (FM) - 07 - Rounds 11-20.mid,"cheerful, serious, rhythmic",cheerful,Q1
Megumi Rescue (FM) - 08 - Rounds 21-30.mid,"cheerful, peaceful, comic, speedy, cute, rhythmic",cute,Q1
Megumi Rescue (FM) - 09 - Ending.mid,"cheerful, peaceful, touching, cute, fluttered, rhythmic",touching,Q4
Megumi Rescue (FM) - 10 - Game Over.mid,"comic, frustrating",frustrating,Q3
Megumi Rescue (FM) - 11 - Unused Jingle.mid,"peaceful, comic",peaceful,Q4
Miracle Warriors - Seal of the Dark Lord (FM) - 01 - Title.mid,"tense, serious, speedy",tense,Q2
Miracle Warriors - Seal of the Dark Lord (FM) - 02 - Name Entry.mid,"cheerful, peaceful, fluttered",cheerful,Q1
Miracle Warriors - Seal of the Dark Lord (FM) - 03 - Overhead.mid,"cheerful, tense, serious, speedy, grand",cheerful,Q1
Miracle Warriors - Seal of the Dark Lord (FM) - 04 - Castle.mid,"tense, serious, grand, fluttered",tense,Q2
Miracle Warriors - Seal of the Dark Lord (FM) - 05 - Town.mid,"cheerful, comic, speedy, fluttered",cheerful,Q1
Miracle Warriors - Seal of the Dark Lord (FM) - 06 - Cavern.mid,"tense, creepy, serious, bizarre",tense,Q2
Miracle Warriors - Seal of the Dark Lord (FM) - 07 - Battle.mid,"tense, serious, speedy",tense,Q2
Miracle Warriors - Seal of the Dark Lord (FM) - 08 - Battle Victory.mid,"cheerful, tense, speedy, rhythmic",tense,Q2
Miracle Warriors - Seal of the Dark Lord (FM) - 09 - Battle Death.mid,"creepy, depressed, frustrating, cold",depressed,Q3
Miracle Warriors - Seal of the Dark Lord (FM) - 10 - New Companion.mid,"peaceful, fluttered",fluttered,Q1
Miracle Warriors - Seal of the Dark Lord (FM) - 11 - Terrarin.mid,"tense, serious, speedy, rhythmic",tense,Q2
Miracle Warriors - Seal of the Dark Lord (FM) - 12 - Ending.mid,"tense, serious, grand",tense,Q2
Out Run (FM) - 01 - Magical Sound Shower.mid,"cheerful, speedy, dreamy, rhythmic",speedy,Q1
Out Run (FM) - 02 - Passing Breeze.mid,"cheerful, peaceful, speedy, rhythmic",cheerful,Q1
Out Run (FM) - 03 - Splash Wave.mid,"speedy, fluttered, rhythmic",speedy,Q1
Out Run (FM) - 04 - Last Wave.mid,"depressed, serious, touching, calm",touching,Q4
Out Run 3D (FM) - 01 - Magical Sound Shower.mid,"cheerful, speedy, fluttered, rhythmic",cheerful,Q1
Out Run 3D (FM) - 02 - Midnight Highway.mid,"cheerful, tense, serious, grand, fluttered",fluttered,Q1
Out Run 3D (FM) - 03 - Color Ocean.mid,"cheerful, peaceful, touching, grand",touching,Q4
Out Run 3D (FM) - 04 - Shining Wind.mid,"cheerful, peaceful, touching, grand, fluttered, rhythmic",touching,Q4
Out Run 3D (FM) - 05 - Last Wave.mid,"depressed, serious, touching, dreamy, calm",touching,Q4
Penguin Land (FM) - 01 - Title Screen.mid,"cheerful, peaceful, speedy, cute, rhythmic",cheerful,Q1
Penguin Land (FM) - 02 - Round Start.mid,"cheerful, speedy",cheerful,Q1
Penguin Land (FM) - 03 - Game Start.mid,tense,tense,Q2
Penguin Land (FM) - 04 - Main Theme.mid,"cheerful, peaceful, cute",cheerful,Q1
Penguin Land (FM) - 05 - Round Clear.mid,"cheerful, peaceful, cute, rhythmic",cheerful,Q1
Penguin Land (FM) - 06 - Unknown Music.mid,depressed,depressed,Q3
Phantasy Star (FM) - 01 - Title Screen.mid,"cheerful, peaceful, touching, speedy",cheerful,Q1
Phantasy Star (FM) - 02 - Intro.mid,"depressed, serious, calm",depressed,Q3
Phantasy Star (FM) - 03 - Town.mid,"cheerful, peaceful, calm",cheerful,Q1
Phantasy Star (FM) - 04 - Shop.mid,"cheerful, speedy, rhythmic",cheerful,Q1
Phantasy Star (FM) - 05 - Palma.mid,"cheerful, grand, fluttered",cheerful,Q1
Phantasy Star (FM) - 06 - Battle.mid,"tense, serious, speedy, bizarre",tense,Q2
Phantasy Star (FM) - 07 - Cave.mid,"tense, grand",tense,Q2
Phantasy Star (FM) - 08 - Church.mid,"tense, creepy, depressed, dreamy, calm",tense,Q2
Phantasy Star (FM) - 09 - Vehicle.mid,"tense, serious, speedy, fluttered, rhythmic",rhythmic,Q1
"Phantasy Star (FM) - 10 - Story, Conversations.mid","serious, fluttered, rhythmic",fluttered,Q1
Phantasy Star (FM) - 11 - Motavia.mid,"cheerful, tense, serious, fluttered, cold",tense,Q2
Phantasy Star (FM) - 12 - Final Dungeon.mid,"tense, creepy, serious, rhythmic",tense,Q2
Phantasy Star (FM) - 13 - Village.mid,"peaceful, depressed, calm",calm,Q4
Phantasy Star (FM) - 14 - Dezoris.mid,"tense, creepy, fluttered",tense,Q2
Phantasy Star (FM) - 15 - Tower.mid,"tense, serious, grand, fluttered",tense,Q2
Phantasy Star (FM) - 17 - Dark Falz.mid,"tense, creepy, speedy, bizarre",bizarre,Q3
Phantasy Star (FM) - 18 - Ending.mid,"depressed, serious, calm",depressed,Q3
Phantasy Star (FM) - 19 - Game Over.mid,"depressed, frustrating",frustrating,Q3
Phantasy Star (FM) - 21 - Vehicle (with Airplane SFX).mid,"tense, serious, speedy, fluttered, rhythmic",tense,Q2
"Power Strike, Aleste (FM) - 01 - Aleste.mid","tense, speedy, fluttered",tense,Q2
"Power Strike, Aleste (FM) - 02 - The Challenger.mid","tense, serious, speedy",tense,Q2
"Power Strike, Aleste (FM) - 03 - Tension of Dark Side.mid","tense, creepy, speedy",tense,Q2
"Power Strike, Aleste (FM) - 05 - The Devastation.mid","tense, creepy, serious, bizarre",tense,Q2
"Power Strike, Aleste (FM) - 06 - The Solitude.mid","tense, speedy, fluttered, rhythmic",tense,Q2
"Power Strike, Aleste (FM) - 07 - Rapid Turning.mid","tense, serious, speedy, rhythmic",tense,Q2
"Power Strike, Aleste (FM) - 08 - Don_t Cry Hi-yah.mid","tense, speedy, rhythmic",tense,Q2
"Power Strike, Aleste (FM) - 09 - Bloody Jewel.mid","tense, creepy, dreamy, rhythmic, cold",tense,Q2
"Power Strike, Aleste (FM) - 10 - Dogodaga-Dogodege.mid","tense, speedy, rhythmic, bizarre",bizarre,Q3
"Power Strike, Aleste (FM) - 11 - Go Ahead.mid","cheerful, tense, serious, grand, fluttered",tense,Q2
"Power Strike, Aleste (FM) - 12 - Triumph.mid","tense, depressed, serious, calm",tense,Q2
"Power Strike, Aleste (FM) - 13 - Easygoing.mid","cheerful, tense, speedy, dreamy, fluttered, cold",cold,Q3
"Power Strike, Aleste (FM) - 14 - Again.mid","peaceful, serious, dreamy, cold, calm",dreamy,Q4
"Power Strike, Aleste (FM) - 15 - Extra Life.mid",cheerful,cheerful,Q1
Rambo III (FM) - 01 - Title Screen.mid,"tense, serious",tense,Q2
Rambo III (FM) - 02 - Scenes 1 _ 4.mid,"tense, serious, speedy",tense,Q2
Rambo III (FM) - 03 - Scene Clear.mid,"tense, creepy, depressed, serious, speedy, grand, rhythmic",tense,Q2
Rambo III (FM) - 04 - Scenes 2 _ 5.mid,"tense, speedy, fluttered",speedy,Q1
Rambo III (FM) - 05 - Scenes 3 _ 6.mid,"tense, speedy, dreamy, fluttered, cold",tense,Q2
Rambo III (FM) - 06 - Scene 7.mid,"tense, serious, speedy, fluttered",tense,Q2
Rambo III (FM) - 07 - Mil Hind Helicopter.mid,"tense, serious, speedy",tense,Q2
Rambo III (FM) - 08 - Ending.mid,"peaceful, serious, grand, calm",serious,Q3
Rambo III (FM) - 09 - Game Over.mid,"tense, serious, speedy, fluttered, rhythmic",tense,Q2
Rampage (FM) - 01 - Title Screen.mid,"serious, grand",serious,Q3
Rampage (FM) - 02 - Character Selection.mid,"cheerful, peaceful, serious, fluttered",cheerful,Q1
Rampage (FM) - 03 - Level Theme.mid,"cheerful, tense, rhythmic",tense,Q2
Rampage (FM) - 04 - Victory Fanfare.mid,serious,serious,Q3
Rampage (FM) - 05 - Ending.mid,"touching, boring, cold, calm",touching,Q4
Rampage (FM) - 06 - Unknown.mid,"tense, creepy, serious",tense,Q2
Rampage (FM) - 07 - Title Screen (Fast).mid,"serious, speedy, grand, fluttered",speedy,Q1
Rastan (FM) - 01 - Opening.mid,"creepy, dreamy, bizarre, cold",dreamy,Q4
Rastan (FM) - 02 - Aggressive World.mid,"tense, creepy, serious, rhythmic, bizarre",creepy,Q2
Rastan (FM) - 03 - Bad Bible.mid,"tense, creepy, dreamy, bizarre",tense,Q2
Rastan (FM) - 04 - Re-In-Carnation.mid,"tense, creepy, serious",tense,Q2
Rastan (FM) - 05 - The Devil Boss Carnival.mid,"tense, serious, speedy, grand",tense,Q2
Rastan (FM) - 06 - Scene Clear.mid,"cheerful, grand, fluttered, bizarre",fluttered,Q1
Rastan (FM) - 07 - The Man of Saga.mid,"depressed, serious, cold, calm",depressed,Q3
Rastan (FM) - 08 - Game Over.mid,"tense, depressed",tense,Q2
Shanghai (FM) - 01 - Title Screen.mid,"peaceful, dreamy, calm",dreamy,Q4
Shanghai (FM) - 02 - Intro _ Music Type C.mid,"cheerful, peaceful, comic, cute, rhythmic",cheerful,Q1
Shanghai (FM) - 03 - Music Type A.mid,"cheerful, comic, fluttered, rhythmic",cheerful,Q1
Shanghai (FM) - 04 - Music Type B.mid,cheerful,cheerful,Q1
Shanghai (FM) - 05 - Dragon.mid,"tense, rhythmic, bizarre",bizarre,Q3
Shanghai (FM) - 06 - Well Done.mid,"cheerful, speedy, rhythmic",cheerful,Q1
Shanghai (FM) - 07 - Unknown 1.mid,"depressed, serious, dreamy",dreamy,Q4
Shanghai (FM) - 08 - Unknown 2.mid,"cheerful, peaceful, serious, touching, rhythmic",touching,Q4
Solomon no Kagi (FM) - 01 - Main Theme.mid,"cheerful, tense, depressed, comic, dreamy, bizarre, cold",cheerful,Q1
Solomon no Kagi (FM) - 02 - Room Clear.mid,cheerful,cheerful,Q1
Solomon no Kagi (FM) - 03 - Hidden Room.mid,"cheerful, peaceful, dreamy, cold",cheerful,Q1
Solomon no Kagi (FM) - 04 - Hurry Up.mid,"tense, serious, speedy",tense,Q2
Solomon no Kagi (FM) - 05 - Pages Room.mid,"tense, serious, dreamy, fluttered, cold, calm",tense,Q2
Solomon no Kagi (FM) - 06 - Princess Room.mid,"cheerful, peaceful, dreamy, cold",cheerful,Q1
Solomon no Kagi (FM) - 07 - Solomon_s Room.mid,"tense, serious, speedy, grand, fluttered, rhythmic",tense,Q2
Solomon no Kagi (FM) - 08 - Ending.mid,"cheerful, peaceful, touching, fluttered, rhythmic",touching,Q4
Solomon no Kagi (FM) - 09 - Death.mid,"comic, frustrating",frustrating,Q3
Solomon no Kagi (FM) - 10 - Game Over.mid,"depressed, frustrating",depressed,Q3
Space Harrier 3-D (FM) - 01 - Main BGM.mid,"cheerful, touching, speedy",touching,Q4
Space Harrier 3-D (FM) - 02 - Title.mid,"tense, bizarre, cold",bizarre,Q3
Space Harrier 3-D (FM) - 03 - Ending.mid,"peaceful, calm",calm,Q4
Space Harrier 3-D (FM) - 04 - Stanley.mid,"tense, creepy, serious",tense,Q2
Space Harrier 3-D (FM) - 05 - Vakda.mid,"tense, serious, speedy, rhythmic",tense,Q2
Space Harrier 3-D (FM) - 06 - Bright Rays.mid,"cheerful, peaceful, fluttered, rhythmic",cheerful,Q1
Space Harrier 3-D (FM) - 07 - Volcano.mid,"tense, serious, speedy, rhythmic",tense,Q2
Space Harrier 3-D (FM) - 08 - Mysterious Sky.mid,"tense, serious, speedy, rhythmic, bizarre",tense,Q2
Space Harrier 3-D (FM) - 09 - Danger Area.mid,"tense, serious, grand",tense,Q2
Space Harrier 3-D (FM) - 10 - Game Over.mid,"peaceful, calm",peaceful,Q4
Space Harrier 3-D (FM) - 11 - Squilla.mid,"tense, speedy, rhythmic",tense,Q2
Space Harrier 3-D (FM) - 12 - Ida.mid,"tense, rhythmic",tense,Q2
Space Harrier 3-D (FM) - 13 - Goderni.mid,"tense, serious, dreamy, bizarre",tense,Q2
Space Harrier 3-D (FM) - 14 - Syura.mid,"tense, serious, bizarre",bizarre,Q3
Space Harrier 3-D (FM) - 15 - Wiwi Jumbo.mid,"tense, creepy, serious, bizarre",bizarre,Q3
Space Harrier 3-D (FM) - 16 - White Summer.mid,"peaceful, touching, calm",calm,Q4
Space Harrier 3-D (FM) - 17 - Lovers.mid,"peaceful, calm",calm,Q4
Space Harrier 3-D (FM) - 18 - Lake Side Memory.mid,"depressed, touching, calm",touching,Q4
Space Harrier 3-D (FM) - 19 - Battle Field.mid,"cheerful, tense, speedy, fluttered, rhythmic",cheerful,Q1
Summer Games (FM) - 01 - Title Screen.mid,"cheerful, tense, speedy, fluttered, rhythmic",cheerful,Q1
Summer Games (FM) - 02 - Opening.mid,"cheerful, peaceful",cheerful,Q1
Summer Games (FM) - 03 - Event Start.mid,"cheerful, fluttered",cheerful,Q1
Summer Games (FM) - 04 - Pole Vault.mid,"cheerful, speedy, rhythmic",cheerful,Q1
Summer Games (FM) - 05 - 100m Dash.mid,"cheerful, tense, speedy, rhythmic",cheerful,Q1
Summer Games (FM) - 06 - 100m Dash End.mid,"cheerful, grand",cheerful,Q1
Summer Games (FM) - 07 - Gymnastics.mid,"cheerful, tense, speedy, fluttered, rhythmic",cheerful,Q1
Summer Games (FM) - 08 - Platform Diving.mid,"tense, speedy, rhythmic, cold",tense,Q2
Summer Games (FM) - 09 - 100m Freestyle.mid,"cheerful, tense, speedy, rhythmic",cheerful,Q1
Summer Games (FM) - 10 - 100m Freestyle End.mid,cheerful,cheerful,Q1
Summer Games (FM) - 11 - Unused.mid,"depressed, frustrating",frustrating,Q3
Super Basketball (FM) - 01 - Background Music.mid,"cheerful, dreamy, cute",cheerful,Q1
Thunder Blade (FM) - 01 - Title Screen.mid,"cheerful, tense, speedy",tense,Q2
Thunder Blade (FM) - 02 - Burning Point.mid,"cheerful, tense, depressed, speedy, rhythmic, bizarre",cheerful,Q1
Thunder Blade (FM) - 03 - Thunder Blade.mid,"tense, creepy, speedy, rhythmic, bizarre, cold",bizarre,Q3
Thunder Blade (FM) - 04 - Type II.mid,"cheerful, tense, speedy, fluttered, rhythmic",tense,Q2
Thunder Blade (FM) - 05 - Game Over.mid,"touching, calm",touching,Q4
Wonder Boy III (FM) - 01 - The Last Dungeon.mid,"cheerful, tense, speedy, dreamy, cold",tense,Q2
Wonder Boy III (FM) - 02 - Vs. Dragon.mid,"tense, serious, speedy, fluttered",tense,Q2
Wonder Boy III (FM) - 03 - And Now....mid,"tense, creepy, serious, bizarre, frustrating",tense,Q2
Wonder Boy III (FM) - 04 - Monster-Town.mid,"cheerful, peaceful, cute, rhythmic",cheerful,Q1
Wonder Boy III (FM) - 05 - Shop (The Dragon_s Trap).mid,"tense, speedy",tense,Q2
Wonder Boy III (FM) - 06 - Continue.mid,"cheerful, fluttered",cheerful,Q1
Wonder Boy III (FM) - 07 - Mind of Hero.mid,"tense, serious, rhythmic",tense,Q2
Wonder Boy III (FM) - 08 - Side-Crawler_s Dance.mid,"cheerful, peaceful, speedy, cute",cheerful,Q1
Wonder Boy III (FM) - 09 - The Danger Zone.mid,"tense, serious, rhythmic",tense,Q2
Wonder Boy III (FM) - 10 - Mouse-Man Falling.mid,"cheerful, comic, cute",cheerful,Q1
Wonder Boy III (FM) - 11 - It_s a Treasure Box.mid,"cheerful, peaceful, cute, rhythmic",cheerful,Q1
Wonder Boy III (FM) - 12 - The Monster_s Lair.mid,"tense, creepy, serious, dreamy",tense,Q2
Wonder Boy III (FM) - 13 - Endless War.mid,"peaceful, touching, calm",touching,Q4
Wonder Boy III (FM) - 14 - The Dragon_s Trap.mid,"tense, speedy, rhythmic",tense,Q2
Wonder Boy in Monster Land (FM) - 01 - Main Theme.mid,"peaceful, serious, fluttered, calm",fluttered,Q1
Wonder Boy in Monster Land (FM) - 02 - Boss.mid,"tense, creepy, serious, speedy",tense,Q2
Wonder Boy in Monster Land (FM) - 03 - Town.mid,"cheerful, peaceful, comic, cute, rhythmic",cheerful,Q1
Wonder Boy in Monster Land (FM) - 04 - Shop.mid,"cheerful, peaceful, rhythmic",cheerful,Q1
Wonder Boy in Monster Land (FM) - 05 - Cave _ Castle.mid,"cheerful, tense, comic, serious, speedy, fluttered",tense,Q2
Wonder Boy in Monster Land (FM) - 06 - Flute.mid,"dreamy, cold",dreamy,Q4
Wonder Boy in Monster Land (FM) - 07 - Labyrinth of No End.mid,"serious, dreamy, rhythmic, cold",rhythmic,Q1
Wonder Boy in Monster Land (FM) - 08 - So Long.mid,"cheerful, peaceful, serious, touching, fluttered",cheerful,Q1
Wonder Boy in Monster Land (FM) - 09 - Round Clear.mid,"cheerful, fluttered",cheerful,Q1
Wonder Boy in Monster Land (FM) - 10 - Death.mid,"depressed, serious",serious,Q3
Ys (FM) - 01 - Feena.mid,"serious, dreamy, boring, calm",dreamy,Q4
Ys (FM) - 02 - Fountain of Love.mid,"cheerful, peaceful, cute",cheerful,Q1
Ys (FM) - 03 - Tears of Sylph.mid,"depressed, serious, calm",depressed,Q3
Ys (FM) - 04 - The Syonin.mid,"cheerful, peaceful, fluttered, rhythmic",cheerful,Q1
Ys (FM) - 05 - First Step Towards Wars.mid,"cheerful, tense, serious, speedy, fluttered, rhythmic",tense,Q2
Ys (FM) - 06 - Palace.mid,"tense, creepy, depressed, serious, calm",tense,Q2
Ys (FM) - 07 - Holders of Power.mid,"tense, speedy, rhythmic, bizarre",tense,Q2
Ys (FM) - 08 - Palace of Destruction.mid,"tense, serious, speedy, grand, fluttered, rhythmic",tense,Q2
Ys (FM) - 09 -  Beat of the Terror.mid,"tense, creepy, serious",tense,Q2
Ys (FM) - 10 - Temple del Sol.mid,"peaceful, depressed, touching, dreamy, calm",dreamy,Q4
Ys (FM) - 11 - Tower of the Shadow of Death.mid,"tense, fluttered, rhythmic",tense,Q2
Ys (FM) - 12 - Devil_s Wind.mid,"tense, creepy, grand",tense,Q2
Ys (FM) - 13 - The Last Moment of the Dark.mid,"tense, creepy, serious, grand",tense,Q2
Ys (FM) - 14 - Final Battle.mid,"cheerful, tense, speedy, rhythmic",tense,Q2
Ys (FM) - 15 - Rest In Peace.mid,"peaceful, depressed, dreamy, cold, calm",dreamy,Q4
Ys (FM) - 16 - The Morning Grow.mid,"cheerful, tense, serious, grand, fluttered",cheerful,Q1
Ys (FM) - 17 - See You Again.mid,"cheerful, speedy, fluttered, rhythmic",cheerful,Q1
Ys (FM) - 18 - Treasure Box.mid,dreamy,dreamy,Q4
Ys (FM) - 19 - Game Over.mid,"touching, dreamy, calm",touching,Q4
Ys (FM) - 20 - Theme of Adol.mid,"cheerful, tense, speedy, fluttered, rhythmic",tense,Q2
Zaxxon 3-D (FM) - 01 - Title Screen.mid,"tense, serious, speedy, fluttered",tense,Q2
Zaxxon 3-D (FM) - 02 - Outer Space.mid,"cheerful, tense, speedy, rhythmic",cheerful,Q1
Zaxxon 3-D (FM) - 03 - Enemy_s Base.mid,"tense, speedy, grand, rhythmic, bizarre, cold",tense,Q2
Zaxxon 3-D (FM) - 04 - Boss.mid,"tense, serious, rhythmic",tense,Q2
Zaxxon 3-D (FM) - 05 - Final Boss.mid,"tense, serious, speedy, bizarre",bizarre,Q3
Zaxxon 3-D (FM) - 06 - Mission Complete.mid,"cheerful, grand, fluttered",cheerful,Q1
Zaxxon 3-D (FM) - 07 - Game Over.mid,serious,serious,Q3
Zillion II (FM) - 01 - Title Screen.mid,"tense, bizarre, cold",bizarre,Q3
Zillion II (FM) - 02 - Pure Stone.mid,"cheerful, serious, fluttered, rhythmic",cheerful,Q1
Zillion II (FM) - 03 - Inside Base.mid,"cheerful, tense, serious, fluttered",cheerful,Q1
Zillion II (FM) - 04 - Boss.mid,"cheerful, tense, rhythmic",cheerful,Q1
Zillion II (FM) - 05 - Push!.mid,"cheerful, peaceful, cute, rhythmic",cheerful,Q1
Sky_Adventure_(Alpha-68K)_16 Game Over.mid,"touching, cute, grand",touching,Q4
Sky_Adventure_(Alpha-68K)_06 Boss.mid,"tense, creepy, serious, speedy",tense,Q2
"Pro_Yakyuu_Family_Stadium_Pennant_Race_(MSX2,_MSX-Music)_01 Title Screen.mid","cheerful, comic, dreamy, grand",cheerful,Q1
"F1_Douchuuki_(MSX2,_OPLL)_01 Title Screen.mid","tense, serious, grand, fluttered",tense,Q2
